Year,Season,Param,District,Forecast,Observed_blockmean,n_blocks,Diff
2021,All,RH-I,Anand,55.1918,54.0445,8,1.1473
2021,All,RH-I,Kheda,54.5808,53.4315,10,1.1493
2021,All,RH-I,Mahisagar,52.9479,50.9644,6,1.9836
2021,All,RH-II,Anand,34.1836,31.9842,8,2.1993
2021,All,RH-II,Kheda,31.6658,30.5058,10,1.16
2021,All,RH-II,Mahisagar,30.5315,29.4557,6,1.0758
2021,All,Rainfall,Anand,2497.2,1044.7375,8,1452.4625
2021,All,Rainfall,Kheda,2549.5,1005.58,10,1543.92
2021,All,Rainfall,Mahisagar,2167.2,907.4,6,1259.8
2021,All,Tmax,Anand,34.0868,33.915,8,0.1718
2021,All,Tmax,Kheda,34.4378,33.8698,10,0.5681
2021,All,Tmax,Mahisagar,34.0896,33.6363,6,0.4533
2021,All,Tmin,Anand,22.0551,21.9234,8,0.1316
2021,All,Tmin,Kheda,22.0523,21.7419,10,0.3104
2021,All,Tmin,Mahisagar,22.0263,21.2606,6,0.7657
2021,All,Wind,Anand,15.0441,14.1935,8,0.8506
2021,All,Wind,Kheda,14.249,13.5463,10,0.7027
2021,All,Wind,Mahisagar,14.8622,14.3073,6,0.5549
2021,Monsoon,RH-I,Anand,75.5246,74.8033,8,0.7213
2021,Monsoon,RH-I,Kheda,75.8115,75.0525,10,0.759
2021,Monsoon,RH-I,Mahisagar,77.5656,75.2432,6,2.3224
2021,Monsoon,RH-II,Anand,52.6721,51.2982,8,1.374
2021,Monsoon,RH-II,Kheda,51.2213,50.2066,10,1.0148
2021,Monsoon,RH-II,Mahisagar,51.6148,49.8484,6,1.7664
2021,Monsoon,Rainfall,Anand,2238.0,980.1,8,1257.9
2021,Monsoon,Rainfall,Kheda,2327.0,968.52,10,1358.48
2021,Monsoon,Rainfall,Mahisagar,2038.5,870.7,6,1167.8
2021,Monsoon,Tmax,Anand,33.7951,33.7955,8,-0.0004
2021,Monsoon,Tmax,Kheda,34.5836,33.6567,10,0.9269
2021,Monsoon,Tmax,Mahisagar,33.8451,33.0801,6,0.765
2021,Monsoon,Tmin,Anand,26.1311,26.0989,8,0.0323
2021,Monsoon,Tmin,Kheda,26.2844,25.879,10,0.4054
2021,Monsoon,Tmin,Mahisagar,26.1262,25.1318,6,0.9944
2021,Monsoon,Wind,Anand,19.6148,18.5727,8,1.042
2021,Monsoon,Wind,Kheda,18.3393,17.2992,10,1.0402
2021,Monsoon,Wind,Mahisagar,19.0057,18.6339,6,0.3719
2021,Post-monsoon,RH-I,Anand,52.4262,48.2357,8,4.1906
2021,Post-monsoon,RH-I,Kheda,53.2787,47.8787,10,5.4
2021,Post-monsoon,RH-I,Mahisagar,51.5902,45.6421,6,5.9481
2021,Post-monsoon,RH-II,Anand,34.0328,31.1578,8,2.875
2021,Post-monsoon,RH-II,Kheda,31.6721,29.282,10,2.3902
2021,Post-monsoon,RH-II,Mahisagar,29.623,27.2295,6,2.3934
2021,Post-monsoon,Rainfall,Anand,56.7,37.275,8,19.425
2021,Post-monsoon,Rainfall,Kheda,134.0,18.72,10,115.28
2021,Post-monsoon,Rainfall,Mahisagar,79.5,23.1667,6,56.3333
2021,Post-monsoon,Tmax,Anand,33.577,33.1959,8,0.3811
2021,Post-monsoon,Tmax,Kheda,33.8164,33.1257,10,0.6907
2021,Post-monsoon,Tmax,Mahisagar,33.6,32.8776,6,0.7224
2021,Post-monsoon,Tmin,Anand,20.9426,20.899,8,0.0436
2021,Post-monsoon,Tmin,Kheda,20.9066,20.7239,10,0.1826
2021,Post-monsoon,Tmin,Mahisagar,20.9607,20.2361,6,0.7246
2021,Post-monsoon,Wind,Anand,10.818,10.3586,8,0.4594
2021,Post-monsoon,Wind,Kheda,10.2279,9.7738,10,0.4541
2021,Post-monsoon,Wind,Mahisagar,10.0721,9.9481,6,0.124
2021,Summer,RH-I,Anand,42.413,42.769,8,-0.356
2021,Summer,RH-I,Kheda,39.8152,40.75,10,-0.9348
2021,Summer,RH-I,Mahisagar,34.3587,33.7953,6,0.5634
2021,Summer,RH-II,Anand,17.7391,14.4538,8,3.2853
2021,Summer,RH-II,Kheda,14.4348,12.1717,10,2.263
2021,Summer,RH-II,Mahisagar,13.0326,11.0127,6,2.0199
2021,Summer,Rainfall,Anand,101.5,19.4375,8,82.0625
2021,Summer,Rainfall,Kheda,49.0,13.53,10,35.47
2021,Summer,Rainfall,Mahisagar,32.2,8.6333,6,23.5667
2021,Summer,Tmax,Anand,38.75,38.7867,8,-0.0367
2021,Summer,Tmax,Kheda,39.0467,38.9002,10,0.1465
2021,Summer,Tmax,Mahisagar,38.75,38.9257,6,-0.1757
2021,Summer,Tmin,Anand,24.0228,24.0062,8,0.0166
2021,Summer,Tmin,Kheda,24.2457,23.8108,10,0.4349
2021,Summer,Tmin,Mahisagar,24.05,23.3676,6,0.6824
2021,Summer,Wind,Anand,14.5087,13.5367,8,0.972
2021,Summer,Wind,Kheda,14.0163,13.0946,10,0.9217
2021,Summer,Wind,Mahisagar,14.7652,14.0399,6,0.7254
2021,Winter,RH-I,Anand,42.5667,41.3681,8,1.1986
2021,Winter,RH-I,Kheda,41.7778,40.85,10,0.9278
2021,Winter,RH-I,Mahisagar,39.5,39.2111,6,0.2889
2021,Winter,RH-II,Anand,26.0333,24.2833,8,1.75
2021,Winter,RH-II,Kheda,22.7667,23.3711,10,-0.6044
2021,Winter,RH-II,Mahisagar,20.4556,22.1741,6,-1.7185
2021,Winter,Rainfall,Anand,101.0,7.925,8,93.075
2021,Winter,Rainfall,Kheda,39.5,4.81,10,34.69
2021,Winter,Rainfall,Mahisagar,17.0,4.9,6,12.1
2021,Winter,Tmax,Anand,30.0611,29.5846,8,0.4765
2021,Winter,Tmax,Kheda,29.95,29.5206,10,0.4294
2021,Winter,Tmax,Mahisagar,29.9889,29.4976,6,0.4913
2021,Winter,Tmin,Anand,15.2722,14.8286,8,0.4436
2021,Winter,Tmin,Kheda,14.85,14.7089,10,0.1411
2021,Winter,Tmin,Mahisagar,15.1222,14.5535,6,0.5687
2021,Winter,Wind,Anand,12.26,11.5278,8,0.7322
2021,Winter,Wind,Kheda,11.6678,11.4778,10,0.19
2021,Winter,Wind,Mahisagar,12.5911,11.6704,6,0.9207
2022,All,RH-I,Anand,56.1288,53.9127,8,2.2161
2022,All,RH-I,Kheda,55.937,53.0597,10,2.8773
2022,All,RH-I,Mahisagar,54.4082,50.0402,6,4.368
2022,All,RH-II,Anand,35.0685,29.6531,8,5.4154
2022,All,RH-II,Kheda,33.6658,27.4564,10,6.2093
2022,All,RH-II,Mahisagar,32.1699,25.6105,6,6.5594
2022,All,Rainfall,Anand,1874.0,941.2875,8,932.7125
2022,All,Rainfall,Kheda,1973.0,669.42,10,1303.58
2022,All,Rainfall,Mahisagar,1859.0,550.85,6,1308.15
2022,All,Tmax,Anand,34.4178,34.4526,8,-0.0348
2022,All,Tmax,Kheda,34.3932,34.414,10,-0.0208
2022,All,Tmax,Mahisagar,34.3603,34.3854,6,-0.0252
2022,All,Tmin,Anand,22.0701,21.8161,8,0.254
2022,All,Tmin,Kheda,22.1589,21.699,10,0.4599
2022,All,Tmin,Mahisagar,22.1096,21.1168,6,0.9928
2022,All,Wind,Anand,14.6397,13.7111,8,0.9286
2022,All,Wind,Kheda,13.889,13.1456,10,0.7434
2022,All,Wind,Mahisagar,14.7016,14.2263,6,0.4754
2022,Monsoon,RH-I,Anand,78.4016,75.502,8,2.8996
2022,Monsoon,RH-I,Kheda,78.4836,74.9139,10,3.5697
2022,Monsoon,RH-I,Mahisagar,78.582,74.306,6,4.276
2022,Monsoon,RH-II,Anand,57.1311,48.5615,8,8.5697
2022,Monsoon,RH-II,Kheda,56.3115,46.482,10,9.8295
2022,Monsoon,RH-II,Mahisagar,56.0492,45.4781,6,10.571
2022,Monsoon,Rainfall,Anand,1852.0,939.3875,8,912.6125
2022,Monsoon,Rainfall,Kheda,1951.0,666.65,10,1284.35
2022,Monsoon,Rainfall,Mahisagar,1831.0,546.95,6,1284.05
2022,Monsoon,Tmax,Anand,33.5738,34.1638,8,-0.5901
2022,Monsoon,Tmax,Kheda,33.5738,34.1894,10,-0.6157
2022,Monsoon,Tmax,Mahisagar,33.5738,34.0001,6,-0.4264
2022,Monsoon,Tmin,Anand,25.9426,25.9468,8,-0.0042
2022,Monsoon,Tmin,Kheda,25.9426,25.8421,10,0.1005
2022,Monsoon,Tmin,Mahisagar,25.9426,25.0695,6,0.8731
2022,Monsoon,Wind,Anand,17.973,16.7951,8,1.1779
2022,Monsoon,Wind,Kheda,16.559,15.6197,10,0.9393
2022,Monsoon,Wind,Mahisagar,17.223,16.944,6,0.279
2022,Post-monsoon,RH-I,Anand,43.377,43.6742,8,-0.2971
2022,Post-monsoon,RH-I,Kheda,42.8197,42.5098,10,0.3098
2022,Post-monsoon,RH-I,Mahisagar,40.918,41.4153,6,-0.4973
2022,Post-monsoon,RH-II,Anand,26.4918,25.6311,8,0.8607
2022,Post-monsoon,RH-II,Kheda,23.3607,23.1574,10,0.2033
2022,Post-monsoon,RH-II,Mahisagar,20.5738,20.0628,6,0.5109
2022,Post-monsoon,Rainfall,Anand,0.0,0.1625,8,-0.1625
2022,Post-monsoon,Rainfall,Kheda,0.0,0.04,10,-0.04
2022,Post-monsoon,Rainfall,Mahisagar,0.0,0.8333,6,-0.8333
2022,Post-monsoon,Tmax,Anand,34.2787,34.2189,8,0.0598
2022,Post-monsoon,Tmax,Kheda,34.3443,34.0636,10,0.2807
2022,Post-monsoon,Tmax,Mahisagar,34.1967,34.0101,6,0.1866
2022,Post-monsoon,Tmin,Anand,20.4918,20.0572,8,0.4346
2022,Post-monsoon,Tmin,Kheda,20.5082,19.9905,10,0.5177
2022,Post-monsoon,Tmin,Mahisagar,20.6393,19.326,6,1.3134
2022,Post-monsoon,Wind,Anand,9.5459,9.0225,8,0.5234
2022,Post-monsoon,Wind,Kheda,8.9115,8.7787,10,0.1328
2022,Post-monsoon,Wind,Mahisagar,9.2525,9.0055,6,0.247
2022,Summer,RH-I,Anand,46.75,42.091,8,4.659
2022,Summer,RH-I,Kheda,47.337,41.3283,10,6.0087
2022,Summer,RH-I,Mahisagar,44.4022,33.8478,6,10.5543
2022,Summer,RH-II,Anand,19.75,12.8899,8,6.8601
2022,Summer,RH-II,Kheda,20.3696,10.6935,10,9.6761
2022,Summer,RH-II,Mahisagar,19.337,9.8188,6,9.5181
2022,Summer,Rainfall,Anand,2.0,0.625,8,1.375
2022,Summer,Rainfall,Kheda,2.0,0.1,10,1.9
2022,Summer,Rainfall,Mahisagar,1.0,0.45,6,0.55
2022,Summer,Tmax,Anand,39.788,39.603,8,0.1851
2022,Summer,Tmax,Kheda,39.7772,39.7636,10,0.0136
2022,Summer,Tmax,Mahisagar,39.6793,39.9237,6,-0.2444
2022,Summer,Tmin,Anand,24.3978,24.4554,8,-0.0576
2022,Summer,Tmin,Kheda,24.587,24.3792,10,0.2077
2022,Summer,Tmin,Mahisagar,24.4674,23.9933,6,0.4741
2022,Summer,Wind,Anand,16.1337,14.9151,8,1.2186
2022,Summer,Wind,Kheda,15.9326,14.9005,10,1.0321
2022,Summer,Wind,Mahisagar,17.212,16.2111,6,1.0009
2022,Winter,RH-I,Anand,44.1667,43.6708,8,0.4958
2022,Winter,RH-I,Kheda,43.0556,42.5778,10,0.4778
2022,Winter,RH-I,Mahisagar,41.0111,39.5444,6,1.4667
2022,Winter,RH-II,Anand,26.6333,23.8833,8,2.75
2022,Winter,RH-II,Kheda,23.5444,21.7156,10,1.8289
2022,Winter,RH-II,Mahisagar,20.7778,18.5815,6,2.1963
2022,Winter,Rainfall,Anand,20.0,1.1125,8,18.8875
2022,Winter,Rainfall,Kheda,20.0,2.63,10,17.37
2022,Winter,Rainfall,Mahisagar,27.0,2.6167,6,24.3833
2022,Winter,Tmax,Anand,30.1667,29.7378,8,0.4289
2022,Winter,Tmax,Kheda,30.0333,29.4873,10,0.546
2022,Winter,Tmax,Mahisagar,30.1,29.5007,6,0.5993
2022,Winter,Tmin,Anand,15.5111,14.711,8,0.8001
2022,Winter,Tmin,Kheda,15.6667,14.501,10,1.1657
2022,Winter,Tmin,Mahisagar,15.5,14.0319,6,1.4681
2022,Winter,Wind,Anand,12.0467,11.4778,8,0.5689
2022,Winter,Wind,Kheda,11.5544,10.9578,10,0.5967
2022,Winter,Wind,Mahisagar,12.4111,12.0519,6,0.3593
2023,All,RH-I,Anand,54.5616,54.7955,8,-0.2339
2023,All,RH-I,Kheda,53.6767,54.4989,10,-0.8222
2023,All,RH-I,Mahisagar,52.0329,51.6068,6,0.426
2023,All,RH-II,Anand,33.2055,31.0692,8,2.1363
2023,All,RH-II,Kheda,30.4164,29.4929,10,0.9236
2023,All,RH-II,Mahisagar,29.2055,28.2023,6,1.0032
2023,All,Rainfall,Anand,1519.0,817.675,8,701.325
2023,All,Rainfall,Kheda,1539.0,657.93,10,881.07
2023,All,Rainfall,Mahisagar,1270.0,717.95,6,552.05
2023,All,Tmax,Anand,34.2984,33.912,8,0.3864
2023,All,Tmax,Kheda,34.326,33.633,10,0.693
2023,All,Tmax,Mahisagar,34.3258,33.5866,6,0.7391
2023,All,Tmin,Anand,22.1762,22.1833,8,-0.0071
2023,All,Tmin,Kheda,22.2329,21.9088,10,0.3241
2023,All,Tmin,Mahisagar,22.1449,21.347,6,0.7979
2023,All,Wind,Anand,14.6386,14.0298,8,0.6088
2023,All,Wind,Kheda,13.9685,13.4926,10,0.4759
2023,All,Wind,Mahisagar,14.7934,14.4361,6,0.3574
2023,Monsoon,RH-I,Anand,74.8443,75.6875,8,-0.8432
2023,Monsoon,RH-I,Kheda,75.2869,75.7393,10,-0.4525
2023,Monsoon,RH-I,Mahisagar,76.8852,75.8402,6,1.0451
2023,Monsoon,RH-II,Anand,51.959,50.2828,8,1.6762
2023,Monsoon,RH-II,Kheda,50.5246,49.0582,10,1.4664
2023,Monsoon,RH-II,Mahisagar,50.8197,49.2063,6,1.6134
2023,Monsoon,Rainfall,Anand,1461.0,799.4125,8,661.5875
2023,Monsoon,Rainfall,Kheda,1487.0,639.95,10,847.05
2023,Monsoon,Rainfall,Mahisagar,1200.0,705.0,6,495.0
2023,Monsoon,Tmax,Anand,33.7123,33.8217,8,-0.1094
2023,Monsoon,Tmax,Kheda,33.7213,33.4977,10,0.2236
2023,Monsoon,Tmax,Mahisagar,33.7615,33.1611,6,0.6004
2023,Monsoon,Tmin,Anand,26.1664,26.4117,8,-0.2453
2023,Monsoon,Tmin,Kheda,26.1393,26.0898,10,0.0495
2023,Monsoon,Tmin,Mahisagar,26.0402,25.0246,6,1.0156
2023,Monsoon,Wind,Anand,19.5697,19.1783,8,0.3914
2023,Monsoon,Wind,Kheda,18.4221,18.0311,10,0.391
2023,Monsoon,Wind,Mahisagar,19.0779,19.4167,6,-0.3388
2023,Post-monsoon,RH-I,Anand,48.2787,47.998,8,0.2807
2023,Post-monsoon,RH-I,Kheda,47.9672,47.5623,10,0.4049
2023,Post-monsoon,RH-I,Mahisagar,46.623,45.459,6,1.1639
2023,Post-monsoon,RH-II,Anand,29.8033,27.6906,8,2.1127
2023,Post-monsoon,RH-II,Kheda,26.9508,26.2426,10,0.7082
2023,Post-monsoon,RH-II,Mahisagar,24.8197,23.877,6,0.9426
2023,Post-monsoon,Rainfall,Anand,19.0,7.325,8,11.675
2023,Post-monsoon,Rainfall,Kheda,12.0,1.6,10,10.4
2023,Post-monsoon,Rainfall,Mahisagar,20.0,0.6667,6,19.3333
2023,Post-monsoon,Tmax,Anand,35.0,34.8088,8,0.1912
2023,Post-monsoon,Tmax,Kheda,35.1148,34.38,10,0.7348
2023,Post-monsoon,Tmax,Mahisagar,34.8852,34.5131,6,0.3721
2023,Post-monsoon,Tmin,Anand,21.8689,21.842,8,0.0268
2023,Post-monsoon,Tmin,Kheda,22.0984,21.3997,10,0.6987
2023,Post-monsoon,Tmin,Mahisagar,21.8197,21.0175,6,0.8022
2023,Post-monsoon,Wind,Anand,8.7541,8.2193,8,0.5348
2023,Post-monsoon,Wind,Kheda,8.4754,8.277,10,0.1984
2023,Post-monsoon,Wind,Mahisagar,8.8689,8.2486,6,0.6202
2023,Summer,RH-I,Anand,44.5217,43.8356,8,0.6861
2023,Summer,RH-I,Kheda,41.9565,43.1261,10,-1.1696
2023,Summer,RH-I,Mahisagar,37.7935,36.6703,6,1.1232
2023,Summer,RH-II,Anand,18.5652,16.0666,8,2.4986
2023,Summer,RH-II,Kheda,14.8696,14.4098,10,0.4598
2023,Summer,RH-II,Mahisagar,13.7826,13.1957,6,0.587
2023,Summer,Rainfall,Anand,39.0,10.65,8,28.35
2023,Summer,Rainfall,Kheda,39.0,15.37,10,23.63
2023,Summer,Rainfall,Mahisagar,48.0,9.5,6,38.5
2023,Summer,Tmax,Anand,37.8587,37.7141,8,0.1446
2023,Summer,Tmax,Kheda,37.9239,37.5236,10,0.4003
2023,Summer,Tmax,Mahisagar,37.8587,37.8192,6,0.0395
2023,Summer,Tmin,Anand,23.5761,23.9003,8,-0.3242
2023,Summer,Tmin,Kheda,23.5326,23.679,10,-0.1464
2023,Summer,Tmin,Mahisagar,23.5761,23.2889,6,0.2871
2023,Summer,Wind,Anand,14.1641,13.3696,8,0.7946
2023,Summer,Wind,Kheda,13.5739,13.2717,10,0.3022
2023,Summer,Wind,Mahisagar,14.9011,14.3261,6,0.575
2023,Winter,RH-I,Anand,41.5889,42.2861,8,-0.6972
2023,Winter,RH-I,Kheda,40.2333,42.0333,10,-1.8
2023,Winter,RH-I,Mahisagar,36.5667,38.1926,6,-1.6259
2023,Winter,RH-II,Anand,25.0556,22.65,8,2.4056
2023,Winter,RH-II,Kheda,21.4,20.5922,10,0.8078
2023,Winter,RH-II,Mahisagar,18.6444,18.0019,6,0.6426
2023,Winter,Rainfall,Anand,0.0,0.2875,8,-0.2875
2023,Winter,Rainfall,Kheda,1.0,1.01,10,-0.01
2023,Winter,Rainfall,Mahisagar,2.0,2.7833,6,-0.7833
2023,Winter,Tmax,Anand,30.9778,29.5399,8,1.4379
2023,Winter,Tmax,Kheda,30.9333,29.333,10,1.6003
2023,Winter,Tmax,Mahisagar,31.1,29.2089,6,1.8911
2023,Winter,Tmin,Anand,15.5444,14.9276,8,0.6168
2023,Winter,Tmin,Kheda,15.7,14.7768,10,0.9232
2023,Winter,Tmin,Mahisagar,15.6222,14.6,6,1.0222
2023,Winter,Wind,Anand,12.4278,11.6639,8,0.7639
2023,Winter,Wind,Kheda,12.0578,11.1011,10,0.9567
2023,Winter,Wind,Mahisagar,12.8911,11.9907,6,0.9004
All,All,RH-I,Anand,55.2941,54.2509,8,1.0432
All,All,RH-I,Kheda,54.7315,53.6634,10,1.0681
All,All,RH-I,Mahisagar,53.1297,50.8705,6,2.2592
All,All,RH-II,Anand,34.1525,30.9022,8,3.2503
All,All,RH-II,Kheda,31.916,29.1517,10,2.7643
All,All,RH-II,Mahisagar,30.6356,27.7562,6,2.8795
All,All,Rainfall,Anand,1963.4,934.5667,8,1028.8333
All,All,Rainfall,Kheda,2020.5,777.6433,10,1242.8567
All,All,Rainfall,Mahisagar,1765.4,725.4,6,1040.0
All,All,Tmax,Anand,34.2677,34.0932,8,0.1745
All,All,Tmax,Kheda,34.3857,33.9722,10,0.4134
All,All,Tmax,Mahisagar,34.2585,33.8695,6,0.3891
All,All,Tmin,Anand,22.1005,21.9743,8,0.1262
All,All,Tmin,Kheda,22.148,21.7832,10,0.3648
All,All,Tmin,Mahisagar,22.0936,21.2414,6,0.8522
All,All,Wind,Anand,14.7742,13.9781,8,0.796
All,All,Wind,Kheda,14.0355,13.3948,10,0.6407
All,All,Wind,Mahisagar,14.7858,14.3232,6,0.4625
All,Monsoon,RH-I,Anand,76.2568,75.3309,8,0.9259
All,Monsoon,RH-I,Kheda,76.5273,75.2352,10,1.2921
All,Monsoon,RH-I,Mahisagar,77.6776,75.1298,6,2.5478
All,Monsoon,RH-II,Anand,53.9208,50.0475,8,3.8733
All,Monsoon,RH-II,Kheda,52.6858,48.5822,10,4.1036
All,Monsoon,RH-II,Mahisagar,52.8279,48.1776,6,4.6503
All,Monsoon,Rainfall,Anand,1850.3333,906.3,8,944.0333
All,Monsoon,Rainfall,Kheda,1921.6667,758.3733,10,1163.2933
All,Monsoon,Rainfall,Mahisagar,1689.8333,707.55,6,982.2833
All,Monsoon,Tmax,Anand,33.6937,33.927,8,-0.2333
All,Monsoon,Tmax,Kheda,33.9596,33.7813,10,0.1783
All,Monsoon,Tmax,Mahisagar,33.7268,33.4138,6,0.313
All,Monsoon,Tmin,Anand,26.0801,26.1525,8,-0.0724
All,Monsoon,Tmin,Kheda,26.1221,25.937,10,0.1851
All,Monsoon,Tmin,Mahisagar,26.0363,25.0753,6,0.961
All,Monsoon,Wind,Anand,19.0525,18.182,8,0.8704
All,Monsoon,Wind,Kheda,17.7735,16.9833,10,0.7902
All,Monsoon,Wind,Mahisagar,18.4355,18.3315,6,0.104
All,Post-monsoon,RH-I,Anand,48.0273,46.6359,8,1.3914
All,Post-monsoon,RH-I,Kheda,48.0219,45.9836,10,2.0383
All,Post-monsoon,RH-I,Mahisagar,46.377,44.1721,6,2.2049
All,Post-monsoon,RH-II,Anand,30.1093,28.1598,8,1.9495
All,Post-monsoon,RH-II,Kheda,27.3279,26.2273,10,1.1005
All,Post-monsoon,RH-II,Mahisagar,25.0055,23.7231,6,1.2823
All,Post-monsoon,Rainfall,Anand,25.2333,14.9208,8,10.3125
All,Post-monsoon,Rainfall,Kheda,48.6667,6.7867,10,41.88
All,Post-monsoon,Rainfall,Mahisagar,33.1667,8.2222,6,24.9444
All,Post-monsoon,Tmax,Anand,34.2852,34.0745,8,0.2107
All,Post-monsoon,Tmax,Kheda,34.4251,33.8564,10,0.5687
All,Post-monsoon,Tmax,Mahisagar,34.2273,33.8003,6,0.427
All,Post-monsoon,Tmin,Anand,21.1011,20.9327,8,0.1684
All,Post-monsoon,Tmin,Kheda,21.171,20.7047,10,0.4663
All,Post-monsoon,Tmin,Mahisagar,21.1399,20.1932,6,0.9467
All,Post-monsoon,Wind,Anand,9.706,9.2001,8,0.5059
All,Post-monsoon,Wind,Kheda,9.2049,8.9432,10,0.2617
All,Post-monsoon,Wind,Mahisagar,9.3978,9.0674,6,0.3304
All,Summer,RH-I,Anand,44.5616,42.8986,8,1.663
All,Summer,RH-I,Kheda,43.0362,41.7348,10,1.3014
All,Summer,RH-I,Mahisagar,38.8514,34.7711,6,4.0803
All,Summer,RH-II,Anand,18.6848,14.4701,8,4.2147
All,Summer,RH-II,Kheda,16.558,12.425,10,4.133
All,Summer,RH-II,Mahisagar,15.3841,11.3424,6,4.0417
All,Summer,Rainfall,Anand,47.5,10.2375,8,37.2625
All,Summer,Rainfall,Kheda,30.0,9.6667,10,20.3333
All,Summer,Rainfall,Mahisagar,27.0667,6.1944,6,20.8722
All,Summer,Tmax,Anand,38.7989,38.7013,8,0.0976
All,Summer,Tmax,Kheda,38.9159,38.7291,10,0.1868
All,Summer,Tmax,Mahisagar,38.7627,38.8896,6,-0.1269
All,Summer,Tmin,Anand,23.9989,24.1207,8,-0.1217
All,Summer,Tmin,Kheda,24.1217,23.9563,10,0.1654
All,Summer,Tmin,Mahisagar,24.0312,23.5499,6,0.4812
All,Summer,Wind,Anand,14.9355,13.9404,8,0.9951
All,Summer,Wind,Kheda,14.5076,13.7556,10,0.752
All,Summer,Wind,Mahisagar,15.6261,14.859,6,0.7671
All,Winter,RH-I,Anand,42.7741,42.4417,8,0.3324
All,Winter,RH-I,Kheda,41.6889,41.8204,10,-0.1315
All,Winter,RH-I,Mahisagar,39.0259,38.9827,6,0.0432
All,Winter,RH-II,Anand,25.9074,23.6056,8,2.3019
All,Winter,RH-II,Kheda,22.5704,21.893,10,0.6774
All,Winter,RH-II,Mahisagar,19.9593,19.5858,6,0.3735
All,Winter,Rainfall,Anand,40.3333,3.1083,8,37.225
All,Winter,Rainfall,Kheda,20.1667,2.8167,10,17.35
All,Winter,Rainfall,Mahisagar,15.3333,3.4333,6,11.9
All,Winter,Tmax,Anand,30.4019,29.6207,8,0.7811
All,Winter,Tmax,Kheda,30.3056,29.447,10,0.8586
All,Winter,Tmax,Mahisagar,30.3963,29.4024,6,0.9939
All,Winter,Tmin,Anand,15.4426,14.8224,8,0.6202
All,Winter,Tmin,Kheda,15.4056,14.6622,10,0.7433
All,Winter,Tmin,Mahisagar,15.4148,14.3951,6,1.0197
All,Winter,Wind,Anand,12.2448,11.5565,8,0.6883
All,Winter,Wind,Kheda,11.76,11.1789,10,0.5811
All,Winter,Wind,Mahisagar,12.6311,11.9043,6,0.7268
